index,0
train_mae,1.7315637028219342
test_mae,1.6528878356419785
train_coverage,0.9389999999999998
train_width,8.055995734811589
test_coverage,0.9189999999999999
test_width,8.07191905211166
drugs_weight,0.3777180802003132
exit_iter,0.2
time_taken,3.5516666666666667
