index,0
train_mae,0.2580477827413874
test_mae,0.37089697641426317
train_coverage,0.09021579068482904
train_width,1.0840700913668626
test_coverage,0.10235558932792417
test_width,1.2021167454470356
drugs_weight,0.049034359569624826
exit_iter,0.0
time_taken,0.21044485509756947
