index,0
train_mae,0.2232859675368424
test_mae,0.3358304887447918
train_coverage,0.08866917289691056
train_width,7.641126313727967
test_coverage,0.10031062866028816
test_width,7.903057310798523
drug_weight,0.035862927700328624
exit_iter,0.42163702135578396
time_taken,4.8074017006186525
