index,0
train_mae,2.390421738731407
test_mae,2.4654355047261785
train_coverage,0.843
train_width,7.972168720282174
test_coverage,0.7830000000000001
test_width,8.251331067599398
drugs_weight,0.5011067567838882
exit_iter,1.9
time_taken,5.056666666666667
