index,0
train_mae,0.34332006183563046
test_mae,0.47166548490520477
train_coverage,0.04613988392799541
train_width,1.1785391518575912
test_coverage,0.13587576024524103
test_width,1.90171712457115
drugs_weight,0.012788444878136995
exit_iter,1.349897115421106
time_taken,1.104597574897363
