index,0
train_mae,1.7271365241059122
test_mae,1.83925371140875
train_coverage,0.8370000000000001
train_width,4.96149521065431
test_coverage,0.827
test_width,5.706188898729497
drug_weight,0.4463111773644496
exit_iter,4.5
time_taken,7.6833333333333345
