index,0
train_mae,0.2223296112165
test_mae,0.34611094833452244
train_coverage,0.036817870057290855
train_width,0.8881970920419204
test_coverage,0.07306009702825325
test_width,1.7381418872098426
drug_weight,0.004742721458029149
exit_iter,2.2010098692292237
time_taken,1.5695403117229758
