index,0
train_mae,2.305642628647125
test_mae,2.3351025228081967
train_coverage,0.86
train_width,6.866591780328309
test_coverage,0.8770000000000001
test_width,8.330760621062122
drug_weight,0.5004340678643545
exit_iter,3.3
time_taken,7.906666666666666
