index,0
train_mae,0.3288858414942927
test_mae,0.22188344577636132
train_coverage,0.07105553383719587
train_width,1.1614804121069489
test_coverage,0.07087547765859029
test_width,1.5486291009356645
drug_weight,0.007779680777043018
exit_iter,0.8498365855987975
time_taken,1.1353264065381006
