index,0
train_mae,0.2420863597219567
test_mae,0.2801260368407635
train_coverage,0.05354126134736336
train_width,1.165465684046793
test_coverage,0.06880729935438859
test_width,1.1813374140838564
drug_weight,0.00995891868363547
exit_iter,1.8287822299126937
time_taken,3.7876439792541547
