index,0
train_mae,1.7770147263227838
test_mae,1.783984844813563
train_coverage,0.8329999999999999
train_width,4.941260722590888
test_coverage,0.874
test_width,5.761422623308904
drug_weight,0.44509448497566917
exit_iter,4.3
time_taken,8.255
