index,0
train_mae,0.28663538577524317
test_mae,0.32495185423114203
train_coverage,0.08390470785361212
train_width,3.273843272485575
test_coverage,0.12096372275282462
test_width,3.649898191859805
drug_weight,0.014378350215111762
exit_iter,2.6012817353502227
time_taken,1.5396849124511254
