index,0
train_mae,0.3400912377400065
test_mae,0.2224274973539425
train_coverage,0.041646661864361285
train_width,0.8514453646597779
test_coverage,0.06113736809658866
test_width,1.037739990038962
drug_weight,0.0056951110142809
exit_iter,0.6749485577105528
time_taken,0.6125765258316712
