index,0
train_mae,0.2095370888795857
test_mae,0.33863520472884473
train_coverage,0.049988887654046535
train_width,1.6766660724284481
test_coverage,0.08459051693633014
test_width,2.732460962910273
drugs_weight,0.03067286916874522
exit_iter,0.42163702135578396
time_taken,0.5887342564275991
