index,0
train_mae,0.1580005583412156
test_mae,0.318935942181233
train_coverage,0.04516635916254485
train_width,0.8192685544900411
test_coverage,0.06324555320336758
test_width,1.5923942193927083
drug_weight,0.005887186679629656
exit_iter,1.6193277068654826
time_taken,1.502175377310363
