index,0
train_mae,2.2435468353171863
test_mae,2.301868150968141
train_coverage,0.8320000000000001
train_width,6.7252341645474605
test_coverage,0.75
test_width,7.691591353786263
drugs_weight,0.4888697820671476
exit_iter,2.7
time_taken,3.8433333333333337
