index,0
train_mae,2.243252869935007
test_mae,2.3809653558342245
train_coverage,0.8800000000000001
train_width,9.684544408212604
test_coverage,0.78
test_width,11.958887678092157
drug_weight,0.49754805964944443
exit_iter,11.0
time_taken,13.811666666666664
