index,0
train_mae,0.3124551048908871
test_mae,0.29266176082930784
train_coverage,0.0823609940040389
train_width,3.6187412772266434
test_coverage,0.16837788189400388
test_width,5.093575362872203
drug_weight,0.007930749822494594
exit_iter,3.3730961708462712
time_taken,4.744482175233785
