index,0
train_mae,0.4111617534061201
test_mae,0.34645989062509464
train_coverage,0.039384147967311794
train_width,1.5196765710103608
test_coverage,0.1034354334301785
test_width,2.0818658061206246
drugs_weight,0.04355212237287099
exit_iter,1.2692955176439846
time_taken,3.4400370547817656
