index,0
train_mae,0.3823099234687024
test_mae,0.3468985390258717
train_coverage,0.08045012257431446
train_width,4.9906747057567085
test_coverage,0.1274711296289826
test_width,12.328062792185163
drugs_weight,0.022445305306209133
exit_iter,14.61392030451332
time_taken,8.346764916295488
